,mesa,CONSENSO FEDERAL,FRENTE DE IZQUIERDA Y DE TRABAJADORES - UNIDAD,FRENTE DE TODOS,FRENTE NOS,JUNTOS POR EL CAMBIO
1,1,0.07679324894514769,0.03375527426160338,0.6371308016877637,0.030379746835443033,0.19915611814345993
2,2,0.07905803195962995,0.017661900756938603,0.6736753574432297,0.022708158116063918,0.19428090832632466
3,3,0.07422852376980818,0.030025020850708923,0.51209341117598,0.01751459549624687,0.347789824854045
4,4,0.04223107569721116,0.024701195219123506,0.5553784860557769,0.0199203187250996,0.3434262948207171
5,5,0.05555555555555556,0.028951486697965573,0.5946791862284819,0.01564945226917058,0.282472613458529
6,6,0.08346709470304976,0.02728731942215088,0.514446227929374,0.02247191011235955,0.3274478330658106
7,7,0.0319672131147541,0.03114754098360655,0.5483606557377049,0.033606557377049186,0.34426229508196715
8,8,0.033153430994602925,0.01233616037008481,0.5952197378565921,0.01079414032382421,0.3338473400154202
9,9,0.09150865622423743,0.03709810387469085,0.49546578730420443,0.018961253091508656,0.3322341302555647
10,10,0.07109004739336493,0.02764612954186414,0.5363349131121643,0.023696682464454975,0.31674565560821477
11,11,0.04815133276010319,0.05245055889939811,0.4772141014617369,0.017196904557179708,0.3766122098022356
12,12,0.06878761822871883,0.02665520206362855,0.45141874462596737,0.04557179707652623,0.37059329320722273
13,13,0.028985507246376812,0.04186795491143317,0.5169082125603865,0.015297906602254427,0.3639291465378422
14,14,0.06868356500408831,0.024529844644317254,0.5388389206868357,0.0294358135731807,0.31807031888798043
15,15,0.07321131447587353,0.015806988352745424,0.548252911813644,0.01747088186356073,0.326955074875208
16,16,0.05028386050283861,0.021086780210867802,0.5969180859691808,0.025952960259529603,0.29764801297648014
17,17,0.0617670054730258,0.019546520719311965,0.5301016419077403,0.012509773260359654,0.35809225957779517
18,18,0.06162695152013148,0.02136400986031224,0.5110928512736237,0.054231717337715694,0.34182415776499586
19,19,0.06167400881057269,0.03436123348017621,0.6211453744493393,0.013215859030837003,0.24845814977973574
20,20,0.06289808917197452,0.02945859872611465,0.5119426751592357,0.011146496815286625,0.35668789808917195
21,21,0.05998356614626129,0.03368940016433854,0.47082990961380444,0.03204601479046836,0.37140509449465897
22,22,0.03462157809983897,0.0249597423510467,0.5450885668276972,0.007246376811594202,0.3663446054750402
23,23,0.062449310624493104,0.021086780210867802,0.5709651257096513,0.021897810218978103,0.30656934306569344
24,24,0.04568106312292359,0.016611295681063124,0.5282392026578073,0.024916943521594685,0.3579734219269103
25,25,0.06655574043261231,0.0324459234608985,0.5033277870216306,0.0066555740432612314,0.37188019966722125
26,26,0.05766062602965403,0.019769357495881382,0.6227347611202636,0.032948929159802305,0.24052718286655683
27,27,0.05295138888888888,0.034722222222222224,0.6241319444444444,0.017361111111111112,0.2543402777777778
28,28,0.06795302013422819,0.03859060402684564,0.5125838926174496,0.030201342281879193,0.32969798657718125
29,29,0.0688321732405259,0.03248259860788863,0.4679040989945863,0.03557617942768755,0.37509667440061867
30,30,0.052428681572860444,0.026985350809560524,0.5412490362374711,0.027756360832690823,0.3269082498072475
31,31,0.08185654008438818,0.02109704641350211,0.46160337552742614,0.021940928270042195,0.39071729957805906
32,32,0.07582938388625592,0.013428120063191154,0.5134281200631912,0.020537124802527645,0.3562401263823065
33,33,0.06831275720164609,0.029629629629629627,0.5497942386831276,0.03374485596707819,0.3037037037037037
34,34,0.0976,0.025599999999999998,0.5136000000000001,0.024,0.324
35,35,0.07947019867549668,0.05049668874172185,0.48178807947019875,0.030629139072847682,0.34105960264900664
36,36,0.08229813664596274,0.043478260869565216,0.5093167701863354,0.013975155279503104,0.3253105590062112
37,37,0.05886909372579395,0.025561580170410533,0.5491866769945778,0.014717273431448491,0.34004647560030987
38,38,0.08404009252120277,0.03238242097147263,0.525828835774865,0.016962220508866616,0.30763299922899
39,39,0.04854368932038835,0.037216828478964396,0.604368932038835,0.01699029126213592,0.2758899676375404
40,40,0.06050129645635264,0.02852203975799482,0.5410544511668107,0.031114952463267075,0.32497839239412274
41,41,0.06229508196721312,0.02622950819672131,0.5262295081967213,0.02868852459016394,0.3426229508196721
42,42,0.0665646518745218,0.019127773527161437,0.6074980872226472,0.013771996939556237,0.27850038255547055
43,43,0.07039864291772688,0.016963528413910092,0.5445292620865141,0.017811704834605598,0.33502968617472434
44,44,0.04467353951890035,0.02147766323024055,0.5197594501718212,0.029209621993127148,0.35652920962199314
45,45,0.04901185770750988,0.03636363636363636,0.5810276679841897,0.006324110671936759,0.31936758893280637
46,46,0.04746835443037975,0.041930379746835444,0.5126582278481013,0.03401898734177215,0.34177215189873417
47,47,0.08259109311740889,0.04129554655870445,0.5076923076923077,0.025910931174089068,0.3198380566801619
48,48,0.03076923076923077,0.029914529914529912,0.5692307692307692,0.013675213675213675,0.3205128205128205
49,49,0.07755102040816327,0.07510204081632653,0.37714285714285717,0.026938775510204082,0.4057142857142857
50,50,0.0351027397260274,0.05051369863013699,0.6224315068493151,0.00684931506849315,0.2594178082191781
51,51,0.018444266238973536,0.023255813953488372,0.5982357658380112,0.02165196471531676,0.3143544506816359
52,52,0.03377847604084839,0.04556166535742341,0.5789473684210527,0.018067556952081697,0.29536527886881386
53,53,0.0726978998384491,0.036348949919224556,0.5815831987075929,0.025848142164781908,0.26252019386106623
54,54,0.043513295729250605,0.0346494762288477,0.5680902497985496,0.0169218372280419,0.3247381144238517
55,55,0.08865814696485623,0.019169329073482427,0.4624600638977636,0.02156549520766773,0.371405750798722
56,56,0.05661820964039786,0.02218821729150727,0.5929609793420045,0.013771996939556237,0.29839326702371843
57,57,0.07219917012448133,0.04564315352697095,0.5219917012448133,0.016597510373443983,0.31867219917012446
58,58,0.08226415094339623,0.0060377358490566035,0.48528301886792446,0.031698113207547174,0.3728301886792453
59,59,0.04280821917808219,0.032534246575342464,0.5625,0.02482876712328767,0.3167808219178082
60,60,0.05905511811023622,0.02283464566929134,0.6385826771653543,0.025984251968503937,0.231496062992126
61,61,0.06112054329371817,0.053480475382003394,0.5568760611205432,0.02461799660441426,0.2826825127334465
62,62,0.03669724770642202,0.0389908256880734,0.5474006116207951,0.02217125382262997,0.33562691131498473
63,63,0.049418604651162795,0.029069767441860468,0.5726744186046512,0.01744186046511628,0.3125
64,64,0.06624605678233439,0.022082018927444796,0.4424290220820189,0.03706624605678233,0.4045741324921136
65,65,0.07643312101910828,0.042993630573248405,0.45700636942675155,0.011942675159235668,0.37898089171974525
66,66,0.0836038961038961,0.03977272727272727,0.42694805194805197,0.015422077922077924,0.41477272727272724
67,67,0.09076682316118935,0.0297339593114241,0.39514866979655716,0.027386541471048513,0.4123630672926448
68,68,0.08695652173913043,0.02329192546583851,0.42003105590062106,0.02406832298136646,0.4130434782608695
69,69,0.09090909090909091,0.059288537549407105,0.41264822134387347,0.016600790513833993,0.3715415019762846
70,70,0.09556057185854025,0.042136945071482315,0.3438675696012039,0.017306245297215948,0.472535741158766
71,71,0.054878048780487805,0.022103658536585365,0.36432926829268286,0.01448170731707317,0.5022865853658536
72,72,0.08015267175572519,0.030534351145038167,0.45038167938931295,0.013740458015267175,0.3900763358778626
73,73,0.09650455927051671,0.023556231003039513,0.42629179331306993,0.007598784194528876,0.4247720364741641
74,74,0.07932692307692309,0.052884615384615384,0.37580128205128205,0.016025641025641024,0.4407051282051282
75,75,0.12852897473997027,0.03417533432392273,0.3179791976225854,0.019316493313521543,0.4606240713224368
76,76,0.08963367108339829,0.03273577552611068,0.39127045985970377,0.028059236165237724,0.41621200311769285
77,77,0.10183767228177643,0.04977029096477795,0.3169984686064319,0.020673813169984685,0.4770290964777948
78,78,0.09549689440993789,0.02795031055900621,0.42391304347826086,0.005434782608695652,0.3990683229813664
79,79,0.09259259259259259,0.043478260869565216,0.40418679549114334,0.01610305958132045,0.41465378421900156
80,80,0.05679999999999999,0.0328,0.43759999999999993,0.0128,0.4128
81,81,0.10943396226415095,0.04528301886792453,0.41056603773584904,0.017358490566037735,0.38566037735849057
82,82,0.06454183266932272,0.031075697211155377,0.3458167330677291,0.010358565737051793,0.501195219123506
83,83,0.0662847790507365,0.043371522094926354,0.41407528641571195,0.02536824877250409,0.42144026186579375
84,84,0.07656967840735068,0.015313935681470138,0.39816232771822363,0.02909647779479326,0.44486983154670756
85,85,0.09068425391591096,0.03462489694971146,0.4690849134377576,0.028029678483099753,0.33470733718054413
86,86,0.05700325732899023,0.02361563517915309,0.3346905537459284,0.013843648208469056,0.5447882736156352
87,87,0.0947452229299363,0.03184713375796178,0.3487261146496815,0.014331210191082803,0.482484076433121
88,88,0.07208588957055216,0.04601226993865031,0.3443251533742331,0.013803680981595092,0.49003067484662577
89,89,0.10833333333333334,0.045454545454545456,0.3893939393939394,0.0007575757575757576,0.4310606060606061
90,90,0.1003690036900369,0.01845018450184502,0.43468634686346863,0.01918819188191882,0.39999999999999997
91,91,0.09546539379474941,0.027048528241845664,0.37947494033412893,0.0294351630867144,0.43675417661097854
92,92,0.08339709257842387,0.035960214231063506,0.4521805661820964,0.013006885998469778,0.36954858454475903
93,93,0.07263389581804841,0.03521643433602347,0.4115920763022744,0.014673514306676447,0.4350696991929568
94,94,0.09076803723816912,0.026377036462373934,0.37238169123351433,0.02094647013188518,0.4623739332816137
95,95,0.10669781931464174,0.024143302180685357,0.4158878504672897,0.014018691588785047,0.40186915887850466
96,96,0.07049808429118773,0.06360153256704981,0.3846743295019157,0.007662835249042145,0.44750957854406126
97,97,0.06571654790182106,0.025336500395882824,0.4259699129057799,0.011876484560570073,0.43705463182897863
98,98,0.091324200913242,0.030441400304414,0.4277016742770167,0.00837138508371385,0.41856925418569246
99,99,0.07293354943273907,0.03484602917341977,0.45380875202593196,0.022690437601296593,0.37682333873581847
100,100,0.08359133126934985,0.04721362229102167,0.380030959752322,0.0108359133126935,0.44349845201238386
101,101,0.08379446640316206,0.035573122529644265,0.3905138339920948,0.028458498023715414,0.4300395256916997
102,102,0.07427677873338545,0.022673964034401875,0.3838936669272869,0.012509773260359656,0.4730258014073495
103,103,0.0803088803088803,0.033204633204633204,0.37374517374517374,0.023938223938223938,0.46254826254826253
104,104,0.06841686555290374,0.05171042163882259,0.36515513126491644,0.024661893396976928,0.4478918058870326
105,105,0.0903954802259887,0.04277643260694108,0.4995964487489911,0.02017756255044391,0.32041969330104925
106,106,0.12273800157356413,0.04327301337529504,0.3973249409913454,0.004720692368214005,0.38788355625491744
107,107,0.11332801276935356,0.059856344772545894,0.42218675179569026,0.015163607342378291,0.3559457302474062
108,108,0.07613005551149882,0.035685963521015066,0.38302934179222836,0.030134813639968276,0.44567803330689926
109,109,0.058823529411764705,0.04156862745098039,0.4109803921568627,0.003137254901960784,0.45490196078431366
110,110,0.06676899462778203,0.047582501918649274,0.4896392939370683,0.0283960092095165,0.3169608595548734
111,111,0.09347996857816182,0.04556166535742341,0.33542812254516885,0.02356637863315004,0.44933228593872737
112,112,0.09822119102861564,0.05027068832173241,0.32327919566898683,0.0069605568445475635,0.4756380510440835
113,113,0.07381507381507382,0.031857031857031856,0.4397824397824398,0.03496503496503497,0.3853923853923854
114,114,0.10737179487179487,0.02483974358974359,0.41506410256410253,0.00641025641025641,0.41907051282051283
115,115,0.04465493910690122,0.04600811907983762,0.39783491204330174,0.03112313937753721,0.4587280108254398
116,116,0.09220779220779221,0.024675324675324677,0.37922077922077924,0.02207792207792208,0.44545454545454544
117,117,0.03697875688434304,0.023603461841070025,0.5782848151062155,0.023603461841070022,0.3170731707317073
118,118,0.07754442649434572,0.023424878836833602,0.555735056542811,0.012924071082390954,0.30533117932148623
119,119,0.05255366395262768,0.014063656550703182,0.5225758697261288,0.013323464100666173,0.36787564766839376
120,120,0.058551617873651776,0.01926040061633282,0.5662557781201849,0.011556240369799693,0.3258859784283513
121,121,0.034976152623211444,0.031001589825119236,0.5087440381558028,0.016693163751987282,0.3871224165341812
122,122,0.07579273008507348,0.03480278422273782,0.4663573085846868,0.027068832173240527,0.36194895591647336
123,123,0.03686274509803922,0.029019607843137254,0.46274509803921565,0.021176470588235293,0.4258823529411765
124,124,0.0684931506849315,0.033037872683319904,0.48186946011281223,0.0024174053182917004,0.3964544721998388
125,125,0.05832037325038881,0.03576982892690513,0.4548989113530326,0.016329704510108865,0.41990668740279935
126,126,0.05161787365177196,0.02696456086286595,0.4121725731895223,0.009244992295839754,0.4892141756548536
127,127,0.058734939759036146,0.02108433734939759,0.4917168674698795,0.02409638554216868,0.38478915662650603
128,128,0.03656597774244833,0.026232114467408585,0.46581875993640703,0.017488076311605726,0.43640699523052473
129,129,0.04163454124903623,0.04163454124903624,0.31148804934464147,0.013107170393215111,0.5713184271395528
130,130,0.07503828483920368,0.03751914241960184,0.46784073506891277,0.029862174578866772,0.3782542113323124
131,131,0.07242798353909466,0.04197530864197531,0.5423868312757202,0.01646090534979424,0.3004115226337448
132,132,0.051380368098159504,0.022239263803680985,0.5291411042944786,0.029141104294478526,0.3535276073619632
133,133,0.05474171164225135,0.013878180416345412,0.5319969159599075,0.009252120277563608,0.3747108712413262
134,134,0.06349206349206349,0.0365079365079365,0.4753968253968254,0.016666666666666666,0.380952380952381
135,135,0.052941176470588235,0.03897058823529412,0.4595588235294118,0.01911764705882353,0.4139705882352941
136,136,0.04947283049472831,0.038118410381184104,0.543390105433901,0.0316301703163017,0.32522303325223034
137,137,0.03855421686746988,0.015261044176706828,0.6112449799196787,0.02409638554216868,0.2883534136546185
138,138,0.04376012965964344,0.03970826580226904,0.46677471636952994,0.019448946515397084,0.41815235008103724
139,139,0.057283142389525366,0.0204582651391162,0.3993453355155483,0.031096563011456628,0.46317512274959083
140,140,0.09892638036809817,0.04754601226993865,0.39187116564417174,0.015337423312883436,0.4279141104294478
141,141,0.08478605388272584,0.019809825673534072,0.4469096671949287,0.019809825673534072,0.40491283676703643
142,142,0.0710732054015636,0.03695806680881308,0.46197583511016344,0.00923951670220327,0.39943141435678753
143,143,0.03965107057890563,0.023790642347343377,0.4845360824742268,0.020618556701030927,0.408406026962728
144,144,0.08513931888544891,0.01934984520123839,0.48065015479876166,0.025541795665634675,0.358359133126935
145,145,0.04820261437908497,0.03839869281045751,0.4918300653594771,0.032679738562091505,0.35866013071895425
146,146,0.05869242199108469,0.03937592867756315,0.4309063893016345,0.03491827637444279,0.41604754829123325
147,147,0.0784,0.029599999999999998,0.5296,0.0096,0.3288
148,148,0.03377265238879736,0.03459637561779242,0.5395387149917628,0.03377265238879736,0.3369028006589786
149,149,0.0709163346613546,0.02549800796812749,0.5681274900398405,0.01593625498007968,0.301195219123506
150,150,0.072646404744255,0.021497405485544848,0.5092661230541141,0.02075611564121571,0.35211267605633806
151,151,0.07056145675265554,0.055386949924127474,0.5022761760242792,0.006828528072837633,0.33232169954476476
152,152,0.09520182787509521,0.02894135567402894,0.4478293983244478,0.012947448591012949,0.3853769992383854
153,153,0.04524539877300614,0.017638036809815953,0.5483128834355828,0.012269938650306749,0.34432515337423314
154,154,0.052388289676425275,0.01848998459167951,0.5577812018489985,0.01078582434514638,0.3382126348228043
155,155,0.05153846153846154,0.03230769230769231,0.5876923076923077,0.04307692307692308,0.26153846153846155
156,156,0.07479674796747968,0.02520325203252033,0.5585365853658537,0.024390243902439025,0.2910569105691057
157,157,0.035364936042136946,0.04138449962377728,0.510158013544018,0.008276899924755455,0.3829947328818661
158,158,0.05357142857142857,0.030844155844155847,0.49512987012987014,0.006493506493506494,0.3806818181818182
159,159,0.0856269113149847,0.04587155963302752,0.3585626911314985,0.028287461773700305,0.4648318042813456
160,160,0.07578125,0.011718749999999998,0.5171875,0.00859375,0.3625
161,161,0.07326578332034293,0.010132501948558068,0.42634450506625093,0.011691348402182385,0.4590802805923617
162,162,0.04904214559386973,0.04367816091954022,0.5624521072796934,0.02528735632183908,0.30727969348659
163,163,0.04404945904173106,0.0347758887171561,0.5309119010819165,0.019319938176197832,0.34544049459041737
164,164,0.0424597364568082,0.034407027818448024,0.3857979502196193,0.027086383601756955,0.49267935578330896
165,165,0.045454545454545456,0.08264462809917356,0.34710743801652894,0.004132231404958678,0.47107438016528924
166,166,0.07742461287693561,0.03341483292583537,0.5753871230643847,0.008149959250203748,0.2852485737571312
167,167,0.04534005037783375,0.026028547439126783,0.5717884130982367,0.017632241813602012,0.3249370277078086
168,168,0.06683587140439932,0.0338409475465313,0.5279187817258884,0.014382402707275803,0.3434856175972927
169,169,0.05052974735126324,0.020374898125509373,0.5876120619396903,0.004074979625101874,0.32273838630806845
170,170,0.05817610062893082,0.02908805031446541,0.5589622641509434,0.02279874213836478,0.3199685534591195
171,171,0.05767599660729432,0.0364715860899067,0.5207803223070399,0.01272264631043257,0.34011874469889736
172,172,0.08844065166795965,0.03801396431342126,0.4887509697439876,0.021722265321955002,0.3382467028704422
173,173,0.09747023809523808,0.02827380952380952,0.4069940476190476,0.024553571428571425,0.41592261904761907
174,174,0.09182813816343724,0.04380791912384162,0.47598989048020224,0.026116259477674812,0.34372367312552654
175,175,0.06628003314001657,0.016570008285004142,0.5236122618061309,0.026512013256006627,0.34548467274233635
176,176,0.046875,0.0625,0.5251736111111112,0.024305555555555556,0.3272569444444444
177,177,0.09223300970873785,0.0372168284789644,0.494336569579288,0.004045307443365696,0.3495145631067961
178,178,0.09291338582677164,0.023622047244094488,0.537007874015748,0.012598425196850394,0.31338582677165355
179,179,0.045491470349309504,0.034930950446791224,0.5101543460601137,0.027619821283509344,0.3606823720552396
180,180,0.05471847739888977,0.030927835051546393,0.48057097541633625,0.0190325138778747,0.38382236320380647
181,181,0.034375,0.032812499999999994,0.490625,0.028124999999999997,0.39140625
182,182,0.05714285714285714,0.024812030075187973,0.5195488721804511,0.01804511278195489,0.35789473684210527
183,183,0.04500381388253242,0.02593440122044241,0.513348588863463,0.016018306636155607,0.376048817696415
184,184,0.05863453815261045,0.03453815261044177,0.4835341365461847,0.016867469879518076,0.39598393574297186
185,185,0.02515177797051171,0.013876843018213356,0.556808326105811,0.007805724197745012,0.36513443191673894
186,186,0.0770440251572327,0.051886792452830184,0.47877358490566035,0.02437106918238994,0.33805031446540884
187,187,0.042620363062352014,0.022099447513812157,0.5477505919494869,0.035516969218626675,0.3307024467245462
188,188,0.08208955223880597,0.01791044776119403,0.45671641791044776,0.014179104477611941,0.408955223880597
189,189,0.06225059856344773,0.009577015163607342,0.581803671189146,0.023942537909018357,0.2960893854748603
190,190,0.05251141552511415,0.02511415525114155,0.6506849315068494,0.02054794520547945,0.23211567732115676
191,191,0.06873614190687362,0.03399852180339985,0.549889135254989,0.015521064301552107,0.31929046563192903
192,192,0.07378335949764521,0.030612244897959183,0.42464678178963894,0.029042386185243328,0.4191522762951334
193,193,0.08282208588957056,0.04447852760736196,0.5498466257668712,0.013036809815950921,0.2906441717791411
194,194,0.043887147335423204,0.041536050156739814,0.4655172413793104,0.016457680250783698,0.4114420062695925
195,195,0.1145985401459854,0.040145985401459854,0.43284671532846714,0.020437956204379562,0.35401459854014594
196,196,0.06839622641509434,0.029874213836477984,0.5338050314465409,0.02908805031446541,0.3238993710691824
197,197,0.05620805369127517,0.035234899328859065,0.4832214765100671,0.030201342281879196,0.3573825503355705
198,198,0.07472178060413355,0.03100158982511924,0.4904610492845787,0.04689984101748808,0.32432432432432434
199,199,0.05605935696619951,0.026380873866446827,0.5111294311624073,0.028854080791426217,0.3553173948887057
200,200,0.048939641109298535,0.020391517128874388,0.4836867862969005,0.018760195758564434,0.3931484502446982
201,201,0.0694006309148265,0.022082018927444796,0.526813880126183,0.032334384858044164,0.31545741324921134
202,202,0.07081038552321006,0.024390243902439025,0.5405192761605035,0.011801730920535013,0.3351691581431943
203,203,0.0528052805280528,0.013201320132013203,0.5495049504950494,0.009900990099009901,0.33828382838283827
204,204,0.059068219633943424,0.009151414309484194,0.5282861896838602,0.02745424292845258,0.36522462562396
205,205,0.0687789799072643,0.02704791344667697,0.5139103554868625,0.0401854714064915,0.32689335394126745
206,206,0.06365030674846625,0.022239263803680985,0.5483128834355828,0.018404907975460124,0.3266871165644172
207,207,0.07114624505928853,0.0308300395256917,0.4134387351778656,0.02213438735177866,0.43952569169960476
208,208,0.07160096540627514,0.024939662107803698,0.663716814159292,0.013676588897827836,0.20353982300884957
209,209,0.09579439252336448,0.02336448598130841,0.4828660436137071,0.010124610591900311,0.3683800623052959
210,210,0.03209876543209877,0.041152263374485604,0.49382716049382713,0.01316872427983539,0.3983539094650206
211,211,0.09307692307692307,0.023076923076923078,0.52,0.036923076923076927,0.29923076923076924
212,212,0.06699346405228758,0.02369281045751634,0.5351307189542484,0.03022875816993464,0.3104575163398693
213,213,0.06671838634600466,0.02404965089216447,0.599689681923972,0.017067494181536073,0.2800620636152056
214,214,0.08222396241190288,0.017227877838684416,0.5489428347689899,0.03210649960845732,0.2920908379013312
215,215,0.06572379367720467,0.0324459234608985,0.5158069883527454,0.01747088186356073,0.35191347753743757
216,216,0.0558213716108453,0.024720893141945772,0.5039872408293461,0.01993620414673046,0.3755980861244019
217,217,0.07686148919135306,0.016813450760608483,0.4427542033626901,0.01841473178542834,0.4203362690152122
218,218,0.08214585079631181,0.02933780385582565,0.51802179379715,0.0393964794635373,0.3126571668063705
219,219,0.05872756933115824,0.022022838499184336,0.5929853181076672,0.013866231647634585,0.2871125611745514
220,220,0.0616,0.047999999999999994,0.5216000000000001,0.0144,0.3312
221,221,0.06361323155216285,0.02968617472434266,0.5131467345207803,0.0033927056827820186,0.374893977947413
222,222,0.04488330341113106,0.03321364452423699,0.5170556552962298,0.02244165170556553,0.35368043087971274
223,223,0.05690440060698028,0.02883156297420334,0.5720789074355084,0.0204855842185129,0.30728376327769347
224,224,0.049209138840070304,0.05360281195079086,0.5351493848857646,0.01054481546572935,0.32073813708260107
225,225,0.08341416100872938,0.041707080504364696,0.4190106692531523,0.005819592628516004,0.40155189136760433
226,226,0.06466876971608833,0.011829652996845427,0.4526813880126183,0.04337539432176656,0.41324921135646686
227,227,0.05128205128205128,0.01978021978021978,0.419047619047619,0.01978021978021978,0.463003663003663
228,228,0.04636785162287481,0.03168469860896445,0.3941267387944358,0.013910355486862442,0.48145285935085
229,229,0.05983606557377048,0.013934426229508199,0.4,0.03278688524590164,0.4754098360655738
230,230,0.039843750000000004,0.02265625,0.37109375,0.04375,0.496875
231,231,0.07715355805243444,0.018726591760299626,0.37303370786516854,0.024719101123595506,0.48014981273408236
232,232,0.04139433551198258,0.02251270878721859,0.4066811909949165,0.03122730573710966,0.46768336964415397
233,233,0.07401812688821752,0.019637462235649546,0.4425981873111782,0.026435045317220546,0.411631419939577
234,234,0.07518796992481203,0.015037593984962405,0.4603174603174603,0.020050125313283207,0.39766081871345027
235,235,0.04050833995234313,0.03415409054805401,0.38046068308181097,0.010325655281969819,0.5011914217633042
236,236,0.047778709136630355,0.01760268231349539,0.3671416596814753,0.009220452640402346,0.5440067057837384
237,237,0.06629834254143646,0.007103393843725336,0.3314917127071823,0.018153117600631413,0.5485398579321231
238,238,0.060016906170752324,0.020287404902789522,0.49619611158072696,0.020287404902789515,0.38546069315300086
239,239,0.052833078101071976,0.04517611026033691,0.4065849923430322,0.016079632465543645,0.44716692189892804
240,240,0.07563694267515923,0.03503184713375796,0.3495222929936305,0.020700636942675158,0.5039808917197452
241,241,0.06317411402157165,0.015408320493066256,0.4714946070878274,0.014637904468412944,0.4152542372881356
242,242,0.05912596401028278,0.04370179948586118,0.4010282776349614,0.04370179948586118,0.4215938303341902
243,243,0.0663109756097561,0.03429878048780488,0.5403963414634146,0.01676829268292683,0.3269817073170732
244,244,0.05521936459909229,0.02193645990922844,0.49167927382753407,0.02118003025718608,0.3888048411497731
245,245,0.06139677666922487,0.047582501918649274,0.46431312356101306,0.01765157329240215,0.38679969301611666
246,246,0.0550185873605948,0.04237918215613383,0.5308550185873606,0.006691449814126393,0.35390334572490706
247,247,0.07281553398058252,0.016181229773462782,0.5598705501618123,0.024271844660194174,0.30339805825242716
248,248,0.06161841128433555,0.012620638455827766,0.5835189309576838,0.02301410541945063,0.29992576095025986
249,249,0.0703012912482066,0.036585365853658534,0.4081779053084648,0.015064562410329985,0.44045911047345776
250,250,0.02694136291600634,0.0213946117274168,0.537242472266244,0.01584786053882726,0.3763866877971474
251,251,0.08222396241190288,0.03210649960845732,0.4753328112764291,0.007047768206734533,0.37274862960062644
252,252,0.0486322188449848,0.010638297872340425,0.541033434650456,0.012917933130699088,0.3594224924012158
253,253,0.07704160246533127,0.01926040061633282,0.5500770416024654,0.00847457627118644,0.3305084745762712
254,254,0.0551948051948052,0.012987012987012988,0.6217532467532467,0.022727272727272728,0.28409090909090906
255,255,0.04520654715510522,0.019485580670303974,0.583008573655495,0.011691348402182385,0.3141075604053001
256,256,0.07327227310574522,0.03330557868442964,0.5228975853455454,0.005828476269775187,0.3388842631140716
257,257,0.06598586017282013,0.028279654359780047,0.558523173605656,0.013354281225451688,0.3040062843676355
258,258,0.04661389621811785,0.02198768689533861,0.5523306948109059,0.01407211961301671,0.3324538258575198
259,259,0.05219364599092285,0.02344931921331316,0.5438729198184569,0.009833585476550683,0.35779122541603625
260,260,0.051969823973176864,0.041911148365465216,0.537300922045264,0.021793797150041913,0.316848281642917
261,261,0.0706168831168831,0.01785714285714286,0.6160714285714285,0.012175324675324676,0.2621753246753247
262,262,0.06794564348521183,0.0319744204636291,0.5403677058353318,0.010391686650679455,0.32773780975219824
263,263,0.06230031948881789,0.03514376996805112,0.5567092651757188,0.03514376996805112,0.28993610223642174
264,264,0.06235385814497271,0.037412314886983634,0.5752143413873734,0.022603273577552613,0.2938425565081839
265,265,0.04575163398692811,0.0261437908496732,0.6364379084967321,0.013071895424836602,0.2687908496732026
266,266,0.07473598700243705,0.036555645816409424,0.5442729488220959,0.03168155970755483,0.27944760357432985
267,267,0.040152963671128104,0.030592734225621417,0.5583173996175909,0.040152963671128104,0.2982791586998088
268,268,0.05782575173477254,0.01079414032382421,0.18350038550501158,0.03238242097147263,0.7016191210485736
269,269,0.059447983014861996,0.01910828025477707,0.17268223637650387,0.012031139419674451,0.726822363765039
270,270,0.04250871080139373,0.006968641114982578,0.1602787456445993,0.01951219512195122,0.7588850174216027
271,271,0.035913806863527534,0.00558659217877095,0.15881883479648842,0.014365522745411013,0.7629688747007183
272,272,0.046165301563663434,0.0067014147431124355,0.16232315711094564,0.0052122114668652275,0.7647058823529411
273,273,0.03692065985860173,0.01963864886095837,0.13982717989002358,0.02749410840534171,0.7572663000785546
274,274,0.068362480127186,0.007154213036565977,0.17965023847376788,0.008744038155802861,0.7241653418124006
275,275,0.07395498392282956,0.05466237942122187,0.09324758842443731,0.028938906752411578,0.7202572347266881
276,276,0.036855036855036855,0.03767403767403767,0.47993447993447996,0.028665028665028666,0.3963963963963964
277,277,0.0310192023633678,0.03175775480059084,0.4963072378138848,0.031019202363367797,0.38478581979320525
278,278,0.035493827160493825,0.014660493827160493,0.4212962962962963,0.037037037037037035,0.4853395061728395
279,279,0.048309178743961345,0.036231884057971016,0.4524959742351047,0.018518518518518517,0.42995169082125606
280,280,0.02835696413678065,0.0341951626355296,0.4795663052543786,0.03836530442035029,0.3986655546288574
281,281,0.04,0.019230769230769232,0.4238461538461538,0.06692307692307692,0.44
282,282,0.05568445475638051,0.050270688321732405,0.37664346481051825,0.017014694508894045,0.48337200309358086
283,283,0.03269537480063796,0.019138755980861243,0.4258373205741627,0.018341307814992023,0.48245614035087714
284,284,0.07759303246239113,0.05384006334125099,0.44576405384006335,0.011876484560570071,0.388756927949327
285,285,0.05164319248826292,0.02347417840375587,0.41627543035993747,0.03599374021909233,0.4616588419405321
286,286,0.059652029826014905,0.024855012427506214,0.4092792046396023,0.035625517812758904,0.45153272576636283
287,287,0.04652996845425867,0.021293375394321766,0.4242902208201893,0.022082018927444796,0.47555205047318616
288,288,0.053585500394011026,0.007092198581560284,0.3814026792750197,0.018124507486209612,0.5130023640661938
289,289,0.06792452830188679,0.010566037735849057,0.3660377358490566,0.011320754716981133,0.5290566037735849
290,290,0.07304785894206549,0.027707808564231738,0.32157850545759864,0.025188916876574305,0.526448362720403
291,291,0.05094494658997535,0.02218570254724733,0.36072308956450283,0.02875924404272802,0.5201314708299096
292,292,0.05737051792828686,0.020717131474103586,0.3760956175298805,0.01593625498007968,0.504382470119522
293,293,0.06062992125984252,0.02047244094488189,0.37874015748031503,0.02283464566929134,0.49842519685039377
294,294,0.07710464201416209,0.03304484657749803,0.36978756884343034,0.007081038552321007,0.4980330448465775
295,295,0.03186646433990895,0.03717754172989378,0.3990895295902883,0.012898330804248861,0.5015174506828528
296,296,0.08153477218225419,0.021582733812949638,0.3645083932853717,0.009592326139088728,0.49640287769784175
297,297,0.08966565349544073,0.044832826747720364,0.3237082066869301,0.012917933130699088,0.5053191489361702
298,298,0.05115089514066496,0.012787723785166242,0.4424552429667519,0.024722932651321396,0.4518329070758738
299,299,0.0511182108626198,0.0231629392971246,0.4169329073482428,0.020766773162939296,0.46485623003194887
300,300,0.0692249811888638,0.03310759969902182,0.34838224228743414,0.03912716328066215,0.4996237772761475
301,301,0.05741626794258373,0.03708133971291866,0.39593301435406697,0.023923444976076555,0.4712918660287081
302,302,0.06016140865737344,0.05429200293470286,0.6947909024211297,0.02567865003668379,0.14600146735143066
303,303,0.0368763557483731,0.036153289949385395,0.7107736804049168,0.04049168474331164,0.16413593637020968
304,304,0.06596701649175413,0.021739130434782608,0.6791604197901049,0.03373313343328336,0.17841079460269865
305,305,0.03881278538812785,0.0350076103500761,0.7519025875190257,0.01902587519025875,0.12861491628614916
306,306,0.041036717062634995,0.04895608351331893,0.6645068394528437,0.02087832973362131,0.20446364290856733
307,307,0.05448028673835126,0.044444444444444446,0.6587813620071684,0.023655913978494623,0.19569892473118278
308,308,0.04705003734129948,0.042569081404032864,0.6818521284540702,0.010455563853622106,0.2083644510828977
309,309,0.04888888888888889,0.021481481481481483,0.6785185185185185,0.02,0.20666666666666667
310,310,0.036171816126601364,0.03692539562923888,0.7159005275056518,0.019593067068575734,0.17407686510926904
311,311,0.07169529499626587,0.033607169529499624,0.6930545182972367,0.02613890963405527,0.15907393577296491
312,312,0.09788566953797964,0.018010963194988256,0.5896632732967894,0.015661707126076743,0.24980422866092405
313,313,0.03954372623574145,0.022813688212927757,0.7064638783269962,0.023574144486692015,0.19315589353612167
314,314,0.07606973058637084,0.017432646592709985,0.7068145800316957,0.01901743264659271,0.17036450079239301
315,315,0.03759398496240601,0.04887218045112782,0.6586466165413534,0.02857142857142857,0.2112781954887218
316,316,0.034621578099838964,0.024154589371980676,0.786634460547504,0.02576489533011272,0.12238325281803542
317,317,0.02334630350194553,0.03268482490272374,0.6894941634241244,0.02801556420233463,0.19922178988326847
318,318,0.0364741641337386,0.04635258358662614,0.7591185410334347,0.031155015197568386,0.12386018237082068
319,319,0.06105100463678516,0.025502318392581144,0.6692426584234931,0.03786707882534776,0.19242658423493045
320,320,0.03786707882534776,0.02936630602782071,0.749613601236476,0.005409582689335394,0.16306027820710975
321,321,0.03851851851851852,0.04,0.6755555555555555,0.00962962962962963,0.21925925925925926
322,322,0.04317656129529684,0.03392444101773323,0.7124132613723979,0.02313030069390902,0.16576715497301467
323,323,0.045824094604582415,0.01699926090169993,0.7058388765705839,0.028085735402808572,0.1958610495195861
324,324,0.031981279251170044,0.0436817472698908,0.6981279251170046,0.0124804992199688,0.187207488299532
325,325,0.042010502625656414,0.03675918979744936,0.7104276069017254,0.01800450112528132,0.18154538634658665
326,326,0.06030534351145038,0.020610687022900764,0.6938931297709924,0.01984732824427481,0.1748091603053435
327,327,0.037707390648567124,0.03092006033182504,0.7654600301659125,0.015082956259426848,0.12669683257918551
328,328,0.0351270553064275,0.028400597907324365,0.70254110612855,0.019431988041853514,0.19880418535127053
329,329,0.07734374999999999,0.07109375,0.61328125,0.013281250000000001,0.2125
330,330,0.0480225988700565,0.03672316384180791,0.6348870056497175,0.0402542372881356,0.22951977401129942
331,331,0.05731080088170463,0.03379867744305658,0.7531227038941954,0.014695077149155033,0.1322556943423953
332,332,0.07055435565154787,0.023038156947444207,0.6803455723542116,0.013678905687544995,0.19366450683945285
333,333,0.02840495265841224,0.029861616897305175,0.7807720320466132,0.01747997086671522,0.13328477785870357
334,334,0.028731604765241767,0.04484933426769447,0.751927119831815,0.023826208829712685,0.13524877365101612
335,335,0.05003790750568613,0.020470053070507963,0.6853677028051555,0.013646702047005308,0.2047005307050796
336,336,0.05343511450381679,0.035114503816793895,0.6908396946564886,0.012213740458015267,0.18778625954198475
337,337,0.024052478134110787,0.013848396501457727,0.7427113702623906,0.03571428571428571,0.1749271137026239
338,338,0.060397553516819566,0.05581039755351682,0.6146788990825688,0.023700305810397553,0.2270642201834862
339,339,0.04296875,0.0359375,0.72109375,0.01640625,0.16171875000000002
340,340,0.06601650412603151,0.024006001500375095,0.6969242310577645,0.021005251312828207,0.18304576144036008
341,341,0.052995391705069124,0.01920122887864823,0.6966205837173579,0.027649769585253454,0.19278033794162827
342,342,0.019809244314013204,0.04695524578136464,0.6918561995597946,0.013206162876008804,0.21276595744680848
343,343,0.02947519769949676,0.01653486700215672,0.7785765636232926,0.008626887131560028,0.15240833932422718
344,344,0.06651884700665188,0.026607538802660754,0.6341463414634146,0.015521064301552104,0.24094604582409462
345,345,0.04984894259818731,0.037009063444108765,0.6714501510574018,0.02719033232628399,0.18957703927492447
346,346,0.039909638554216864,0.03313253012048193,0.6664156626506024,0.02033132530120482,0.23042168674698796
347,347,0.04969879518072289,0.02108433734939759,0.661144578313253,0.051957831325301206,0.1957831325301205
348,348,0.04769351055512119,0.04378420641125879,0.7349491790461298,0.021892103205629395,0.1422986708365911
349,349,0.05071428571428572,0.015,0.6557142857142857,0.007857142857142858,0.25785714285714284
350,350,0.05,0.04153846153846154,0.6615384615384616,0.016923076923076923,0.20692307692307693
351,351,0.061971830985915494,0.014084507042253521,0.5746478873239437,0.008450704225352114,0.3323943661971831
352,352,0.032600454890068235,0.032600454890068235,0.7126611068991661,0.009097801364670205,0.19863532979529946
353,353,0.04705003734129948,0.04480955937266617,0.6213592233009708,0.0268857356235997,0.2457057505601195
354,354,0.05749636098981077,0.029112081513828235,0.6302765647743814,0.018195050946142648,0.24526928675400295
355,355,0.06280193236714976,0.04106280193236715,0.5764895330112721,0.04589371980676329,0.26570048309178745
356,356,0.04669887278582931,0.021739130434782608,0.6690821256038648,0.033816425120772944,0.21014492753623187
357,357,0.046012269938650305,0.037576687116564415,0.6326687116564418,0.024539877300613498,0.24463190184049083
358,358,0.06536438767843726,0.03681442524417731,0.6318557475582269,0.0007513148009015778,0.24793388429752067
359,359,0.07072243346007605,0.044866920152091254,0.6669201520912548,0.022813688212927757,0.18859315589353612
360,360,0.05030959752321981,0.02631578947368421,0.6253869969040249,0.021671826625386994,0.25541795665634676
361,361,0.05238467552775606,0.057075840500390926,0.674745895230649,0.0328381548084441,0.1704456606724003
362,362,0.07413249211356467,0.023659305993690854,0.6056782334384858,0.02050473186119874,0.2610410094637224
363,363,0.08698999230177058,0.053117782909930716,0.5627405696689761,0.046189376443418015,0.23864511162432644
364,364,0.08562691131498472,0.01529051987767584,0.6238532110091743,0.0030581039755351682,0.26605504587155965
365,365,0.06160000000000001,0.0168,0.6632,0.0304,0.2016
366,366,0.04996096799375488,0.06713505074160812,0.6198282591725215,0.01249024199843872,0.22794691647150664
367,367,0.01780185758513932,0.027089783281733747,0.7391640866873065,0.020123839009287926,0.16718266253869968
368,368,0.03978978978978979,0.052552552552552555,0.6493993993993994,0.02027027027027027,0.2252252252252252
369,369,0.06307053941908713,0.048132780082987554,0.6506224066390042,0.024896265560165973,0.195850622406639
370,370,0.04666666666666667,0.030370370370370367,0.654074074074074,0.022962962962962963,0.23407407407407405
371,371,0.048798798798798795,0.03678678678678679,0.6921921921921922,0.01726726726726727,0.1906906906906907
372,372,0.03813229571984436,0.020233463035019453,0.7268482490272374,0.020233463035019453,0.18910505836575875
373,373,0.059532780708364735,0.015071590052750565,0.6661642803315749,0.031650339110776186,0.21477015825169554
374,374,0.018223234624145785,0.026575550493545937,0.6560364464692483,0.019741837509491267,0.2718299164768413
375,375,0.044776119402985065,0.05106048703849175,0.6920659858601728,0.014139827179890024,0.18067556952081695
376,376,0.03474903474903475,0.05868725868725868,0.6301158301158301,0.031660231660231665,0.23783783783783785
377,377,0.046751188589540416,0.03248811410459588,0.6854199683042789,0.011093502377179081,0.21236133122028528
378,378,0.05145929339477726,0.0038402457757296467,0.7135176651305684,0.029185867895545316,0.18202764976958524
379,379,0.016064257028112452,0.020883534136546186,0.7606425702811245,0.0,0.18795180722891563
380,380,0.054093567251461985,0.027046783625730993,0.6673976608187134,0.014619883040935672,0.21710526315789475
381,381,0.04332386363636364,0.029119318181818184,0.6647727272727273,0.014914772727272726,0.2265625
382,382,0.07279411764705881,0.013970588235294117,0.6749999999999999,0.022058823529411763,0.19926470588235295
383,383,0.027707808564231738,0.07220822837951302,0.6910159529806884,0.010075566750629723,0.17800167926112512
384,384,0.06347897774113767,0.04286892003297609,0.6644682605111294,0.006595218466611707,0.21269579554822754
385,385,0.04612978889757623,0.05238467552775606,0.6544175136825645,0.008600469116497264,0.21657544956997654
386,386,0.039453717754172994,0.02352048558421851,0.6820940819423368,0.027314112291350532,0.2094081942336874
387,387,0.08666164280331576,0.020346646571213264,0.6247174076865109,0.013564431047475508,0.24415975885455915
388,388,0.045741324921135654,0.031545741324921134,0.7050473186119874,0.04337539432176656,0.15378548895899055
389,389,0.052592592592592594,0.022222222222222227,0.6525925925925926,0.024444444444444446,0.24148148148148146
390,390,0.05091487669053302,0.027048528241845664,0.7016706443914081,0.01511535401750199,0.18933969769291964
391,391,0.05891354246365723,0.02830910482019893,0.6878347360367254,0.017597551644988524,0.19357306809487373
392,392,0.06619385342789598,0.04412923561859732,0.6713947990543735,0.016548463356973995,0.1867612293144208
393,393,0.05333333333333333,0.012549019607843135,0.7152941176470589,0.007058823529411764,0.2007843137254902
394,394,0.04124513618677043,0.013229571984435796,0.7019455252918287,0.0062256809338521405,0.21245136186770427
395,395,0.05494505494505495,0.02564102564102564,0.7377289377289378,0.005860805860805861,0.1641025641025641
396,396,0.05407407407407407,0.034074074074074076,0.6814814814814815,0.017037037037037038,0.19851851851851854
397,397,0.03395703395703396,0.0395010395010395,0.6742896742896742,0.005544005544005544,0.23354123354123354
398,398,0.04635258358662614,0.03343465045592705,0.6945288753799392,0.031914893617021274,0.1884498480243161
399,399,0.050974512743628186,0.03298350824587706,0.6289355322338831,0.006746626686656672,0.2563718140929535
400,400,0.08376963350785341,0.0,0.643979057591623,0.034904013961605584,0.23036649214659688
401,401,0.03802281368821293,0.014448669201520912,0.7612167300380227,0.031178707224334603,0.14372623574144486
402,402,0.07126948775055679,0.016332590942835932,0.6035634743875279,0.043801039346696366,0.23088344469190797
403,403,0.06539074960127592,0.016746411483253586,0.6180223285486444,0.023125996810207335,0.26156299840510366
404,404,0.04284559417946645,0.025060630557801132,0.6798706548100243,0.020210185933710587,0.22231204527081647
405,405,0.02947519769949676,0.018691588785046728,0.7009345794392523,0.019410496046010067,0.22429906542056077
406,406,0.0345086271567892,0.02400600150037509,0.5941485371342835,0.024006001500375095,0.304576144036009
407,407,0.0580046403712297,0.018561484918793503,0.6241299303944317,0.007733952049497294,0.2846094354215004
408,408,0.03538461538461538,0.023076923076923078,0.6230769230769231,0.043076923076923075,0.25384615384615383
409,409,0.04357625845229151,0.03305785123966942,0.6190833959429001,0.047332832456799395,0.2471825694966191
410,410,0.08045112781954887,0.010526315789473686,0.6406015037593985,0.030075187969924814,0.20601503759398498
411,411,0.07370054305663304,0.024049650892164466,0.5872769588828549,0.041117145073700546,0.26764934057408846
412,412,0.05128205128205128,0.008547008547008548,0.6441336441336442,0.022533022533022536,0.25874125874125875
413,413,0.059139784946236555,0.02304147465437788,0.6728110599078341,0.0038402457757296467,0.2196620583717358
414,414,0.044107013738250184,0.04266088214027476,0.6399132321041215,0.033261026753434564,0.22125813449023862
415,415,0.03369905956112853,0.03369905956112853,0.6199059561128526,0.0329153605015674,0.2586206896551724
416,416,0.06919275123558484,0.03706754530477759,0.6317957166392093,0.013179571663920921,0.2413509060955519
417,417,0.07027463651050081,0.01777059773828756,0.6744749596122778,0.015347334410339256,0.20678513731825524
418,418,0.030805687203791468,0.04818325434439179,0.6074249605055293,0.030015797788309637,0.2480252764612954
419,419,0.05523964256701868,0.01949634443541836,0.5897644191714053,0.0479285134037368,0.26969943135662067
420,420,0.058333333333333334,0.01893939393939394,0.6265151515151515,0.015151515151515152,0.27575757575757576
421,421,0.051578137028483455,0.02155504234026174,0.6481909160892995,0.010007698229407235,0.2617397998460354
422,422,0.06062992125984252,0.02204724409448819,0.6220472440944882,0.02125984251968504,0.24960629921259844
423,423,0.0395882818685669,0.00791765637371338,0.6587490102929533,0.02137767220902613,0.26128266033254155
424,424,0.04483007953723789,0.02096890817064353,0.603759942154736,0.060014461315979754,0.25379609544468545
425,425,0.036070606293169605,0.019953952417498082,0.6538756715272449,0.0283960092095165,0.23714504988488103
426,426,0.03132341425215348,0.014878621769772907,0.6397807361002349,0.025841816758026624,0.27799530148786217
427,427,0.052352048558421856,0.017450682852807285,0.680576631259484,0.024279210925644917,0.2116843702579666
428,428,0.03272146847565842,0.02793296089385475,0.6153232242617718,0.05506783719074222,0.2569832402234637
429,429,0.06578947368421052,0.029239766081871343,0.6571637426900585,0.006578947368421052,0.2361111111111111
430,430,0.05196850393700787,0.02204724409448819,0.6283464566929133,0.024409448818897637,0.24881889763779527
431,431,0.028875379939209727,0.014437689969604863,0.7226443768996961,0.044832826747720364,0.17781155015197564
432,432,0.0374414976599064,0.0039001560062402497,0.7145085803432137,0.0265210608424337,0.19734789391575663
433,433,0.08084772370486656,0.022762951334379906,0.5989010989010989,0.026687598116169546,0.239403453689168
434,434,0.049999999999999996,0.025781250000000002,0.584375,0.039843750000000004,0.28515625
435,435,0.03492063492063492,0.03571428571428571,0.6460317460317461,0.01746031746031746,0.24761904761904763
436,436,0.03908045977011494,0.016858237547892722,0.6268199233716475,0.03218390804597701,0.25517241379310346
437,437,0.052312357846853674,0.03411675511751327,0.6565579984836998,0.02577710386656558,0.20242608036391205
438,438,0.06067588325652842,0.016897081413210446,0.5560675883256528,0.020737327188940093,0.31874039938556065
439,439,0.0453125,0.0046875,0.6531250000000001,0.012500000000000002,0.26015625
440,440,0.06640316205533597,0.019762845849802372,0.574703557312253,0.021343873517786563,0.28695652173913044
441,441,0.0682888540031397,0.018838304552590265,0.5989010989010989,0.03453689167974882,0.260596546310832
442,442,0.027777777777777776,0.027777777777777776,0.5802469135802468,0.0,0.345679012345679
443,443,0.06482982171799027,0.025121555915721232,0.3970826580226905,0.0340356564019449,0.4505672609400324
444,444,0.05967604433077578,0.03324808184143223,0.3734015345268542,0.0196078431372549,0.48593350383631717
445,445,0.08051529790660227,0.03864734299516908,0.3752012882447665,0.017713365539452495,0.4734299516908212
446,446,0.05891016200294551,0.04418262150220913,0.33946980854197345,0.014727540500736375,0.520618556701031
447,447,0.08118657298985169,0.03825136612021858,0.35987509758001557,0.020296643247462918,0.4746291959406713
448,448,0.060606060606060615,0.04351204351204351,0.3978243978243978,0.009324009324009324,0.46386946386946387
449,449,0.05791505791505791,0.016988416988416986,0.3876447876447876,0.011583011583011582,0.5088803088803089
450,450,0.07861635220125786,0.02437106918238994,0.3419811320754717,0.04874213836477988,0.4779874213836478
451,451,0.05011933174224344,0.043754972155926816,0.3436754176610979,0.03739061256961018,0.5107398568019094
452,452,0.05984251968503937,0.031496062992125984,0.4047244094488189,0.010236220472440945,0.4637795275590551
453,453,0.07894736842105263,0.03560371517027864,0.3846749226006192,0.015479876160990712,0.4698142414860681
454,454,0.08828250401284109,0.05136436597110754,0.3242375601926164,0.021669341894060994,0.4887640449438202
455,455,0.0633855331841909,0.05294556301267711,0.34451901565995524,0.022371364653243846,0.4966442953020134
456,456,0.056296296296296296,0.029629629629629627,0.4540740740740741,0.005925925925925926,0.4407407407407407
457,457,0.0550185873605948,0.021561338289962824,0.42973977695167287,0.01412639405204461,0.46022304832713756
458,458,0.06570996978851963,0.030211480362537763,0.32552870090634434,0.0030211480362537764,0.5619335347432024
459,459,0.08812546676624346,0.024645257654966394,0.3928304705003734,0.016430171769977596,0.46303211351755036
460,460,0.06056236481614996,0.021629416005767843,0.35255948089401584,0.014419610670511895,0.5328046142754146
461,461,0.06983883346124328,0.015349194167306216,0.2709132770529547,0.012279355333844973,0.6277820414428242
462,462,0.07714915503306392,0.02939015429831007,0.3938280675973549,0.015429831006612785,0.46362968405584126
463,463,0.04628890662410216,0.030327214684756586,0.4142059058260176,0.01675977653631285,0.47805267358339987
464,464,0.0860128617363344,0.01527331189710611,0.4871382636655949,0.012861736334405146,0.3762057877813505
465,465,0.05672105672105672,0.022533022533022532,0.3651903651903652,0.013986013986013984,0.5229215229215229
466,466,0.06987227648384672,0.020285499624342597,0.33734034560480836,0.010518407212622089,0.5364387678437266
467,467,0.06973180076628352,0.05057471264367816,0.3402298850574712,0.013026819923371647,0.5080459770114942
468,468,0.04620938628158845,0.0332129963898917,0.376173285198556,0.018050541516245487,0.5075812274368231
469,469,0.07565543071161047,0.024719101123595506,0.4202247191011236,0.02397003745318352,0.43970037453183525
470,470,0.05399061032863849,0.04303599374021909,0.40297339593114245,0.018779342723004695,0.4577464788732395
471,471,0.04038893044128646,0.02169035153328347,0.3507853403141361,0.011967090501121914,0.5609573672400897
472,472,0.042569081404032864,0.024645257654966394,0.3614637789395071,0.018670649738610903,0.5332337565347274
473,473,0.07262164124909223,0.0355846042120552,0.36165577342047933,0.0196078431372549,0.49745824255628174
474,474,0.08625954198473283,0.022900763358778626,0.30305343511450383,0.017557251908396947,0.5473282442748092
475,475,0.035844915874177034,0.016093635698610095,0.3920994879297733,0.016825164594001463,0.5296269202633503
476,476,0.04415584415584416,0.04285714285714286,0.48831168831168836,0.003896103896103896,0.41168831168831166
477,477,0.0587515299877601,0.01835985312117503,0.379436964504284,0.014687882496940025,0.5055079559363524
478,478,0.06904577191621411,0.046547711404189285,0.6454615981380916,0.02948021722265322,0.18929402637703646
479,479,0.06742424242424241,0.03409090909090909,0.5909090909090909,0.024999999999999998,0.2643939393939394
480,480,0.0609375,0.041406250000000006,0.51953125,0.02734375,0.31875000000000003
481,481,0.042172980700500365,0.03431022158684775,0.5103645461043602,0.019299499642601862,0.37169406719085063
482,482,0.06414219474497683,0.03786707882534776,0.5695517774343122,0.017001545595054096,0.29752704791344664
483,483,0.047658175842235,0.03697617091207888,0.5669679539852095,0.0238290879211175,0.31306491372226786
484,484,0.05189028910303929,0.04373610081541883,0.5952557449962935,0.023721275018532245,0.2720533728687917
485,485,0.08114374034003091,0.04482225656877898,0.5123647604327666,0.0030911901081916537,0.33539412673879443
486,486,0.04143862392494136,0.05942142298670837,0.54886630179828,0.020328381548084442,0.2994526974198593
487,487,0.054098360655737705,0.03032786885245902,0.5401639344262295,0.025409836065573767,0.32622950819672136
488,488,0.05694760820045558,0.031131359149582385,0.5201214882308276,0.012148823082763858,0.35079726651480636
489,489,0.09070294784580499,0.04081632653061224,0.4708994708994709,0.03476946334089191,0.3401360544217687
490,490,0.08602999210734018,0.02683504340962905,0.5453827940015785,0.02525651144435675,0.2991318074191003
491,491,0.06835637480798772,0.0445468509984639,0.5207373271889401,0.019201228878648235,0.33870967741935487
492,492,0.046616541353383466,0.0368421052631579,0.5233082706766917,0.015789473684210527,0.34962406015037595
493,493,0.07065217391304347,0.02329192546583851,0.5333850931677019,0.02251552795031056,0.34472049689440987
494,494,0.052471482889733835,0.028897338403041824,0.5163498098859315,0.037262357414448666,0.33764258555133086
495,495,0.06184798807749628,0.050670640834575266,0.5081967213114753,0.03502235469448584,0.31892697466467956
496,496,0.05399239543726236,0.034220532319391636,0.5406844106463878,0.02737642585551331,0.31939163498098855
497,497,0.050199203187251,0.059760956175298814,0.5235059760956176,0.01593625498007968,0.33705179282868525
498,498,0.07203718048024788,0.038729666924864445,0.5546088303640588,0.018590240123934933,0.3059643687064291
499,499,0.0578446909667195,0.040412044374009505,0.5578446909667195,0.01901743264659271,0.30031695721077656
500,500,0.04201680672268907,0.041176470588235294,0.5823529411764705,0.015966386554621848,0.3016806722689076
501,501,0.07539353769676885,0.03976801988400994,0.5534382767191384,0.01739850869925435,0.2982601491300746
502,502,0.036293436293436294,0.025482625482625483,0.6000000000000001,0.01776061776061776,0.305019305019305
503,503,0.057890563045202216,0.045995241871530534,0.5479777954004759,0.0190325138778747,0.317208564631245
504,504,0.07596899224806201,0.031007751937984496,0.5426356589147288,0.02248062015503876,0.2930232558139535
505,505,0.06854531607006854,0.03427265803503427,0.6092916984006094,0.029702970297029705,0.25057121096725055
506,506,0.05748031496062992,0.04330708661417323,0.668503937007874,0.009448818897637795,0.2031496062992126
507,507,0.05983545250560957,0.05086013462976814,0.543754674644727,0.028421839940164548,0.2984293193717278
508,508,0.0683453237410072,0.03956834532374101,0.539568345323741,0.015827338129496403,0.32805755395683456
509,509,0.07996953541507996,0.02513328255902513,0.5346534653465347,0.014470677837014471,0.329017517136329
510,510,0.06753458096013018,0.04475183075671277,0.5744507729861676,0.03336045565500407,0.2595606183889341
511,511,0.07957342083675144,0.02543068088597211,0.4273995077932732,0.016406890894175553,0.4413453650533224
512,512,0.06342991386061081,0.04463586530931872,0.5951448707909163,0.028974158183241974,0.25371965544244324
513,513,0.07191521574564724,0.03028009084027252,0.546555639666919,0.008327024981074942,0.32172596517789553
514,514,0.08114374034003093,0.0347758887171561,0.5069551777434312,0.021638330757341576,0.33539412673879443
515,515,0.06950122649223221,0.044153720359771054,0.6091578086672117,0.013082583810302535,0.24856909239574815
516,516,0.06278366111951589,0.03328290468986384,0.5219364599092284,0.016641452344931924,0.3328290468986384
517,517,0.06535433070866142,0.01889763779527559,0.5118110236220473,0.03307086614173228,0.3598425196850394
518,518,0.05882352941176471,0.035740878629932984,0.5912137006701415,0.03052866716306776,0.2732688011913626
519,519,0.051035502958579886,0.03328402366863905,0.5791420118343196,0.014053254437869821,0.2973372781065089
520,520,0.06150159744408945,0.025559105431309903,0.5710862619808307,0.01757188498402556,0.3003194888178914
521,521,0.060382916053019146,0.021354933726067747,0.5640648011782032,0.008836524300441826,0.32400589101620025
522,522,0.07829977628635347,0.019388516032811335,0.5055928411633109,0.03355704697986577,0.34750186428038776
523,523,0.05490483162518302,0.02562225475841874,0.5937042459736457,0.008784773060029283,0.294289897510981
524,524,0.06845003933910307,0.044846577498033044,0.5940204563335956,0.01730920535011802,0.25963808025177026
525,525,0.07104247104247104,0.0277992277992278,0.5783783783783784,0.029343629343629343,0.28185328185328185
526,526,0.06254709871891485,0.030896759608138657,0.5697061039939714,0.039939713639788994,0.27430293896006025
527,527,0.0352760736196319,0.02223926380368098,0.49846625766871167,0.01993865030674847,0.3872699386503068
528,528,0.05908096280087528,0.03136396790663749,0.5521517140773158,0.015317286652078776,0.3296863603209336
529,529,0.045884923525127456,0.04297159504734159,0.5571740713765477,0.01238164603058995,0.32483612527312455
530,530,0.054887218045112776,0.045864661654135344,0.4759398496240601,0.02406015037593985,0.38195488721804505
531,531,0.046014790468364826,0.051766639276910435,0.5546425636811833,0.023007395234182413,0.30156121610517667
532,532,0.06387832699619772,0.028897338403041824,0.5186311787072243,0.011406844106463879,0.349809885931559
533,533,0.03295019157088123,0.03065134099616858,0.6613026819923372,0.031417624521072794,0.22605363984674332
534,534,0.05620608899297423,0.049960967993754886,0.4543325526932084,0.03825136612021858,0.37782982045277125
535,535,0.035114503816793895,0.04351145038167939,0.5091603053435115,0.0366412213740458,0.36259541984732824
536,536,0.05525291828793774,0.023346303501945526,0.4490272373540857,0.017898832684824905,0.4287937743190662
537,537,0.05166931637519872,0.04133545310015898,0.5413354531001591,0.01589825119236884,0.3282988871224165
538,538,0.05918057663125949,0.057663125948406675,0.5015174506828528,0.058421851289833085,0.3004552352048558
539,539,0.055257099002302384,0.03376822716807368,0.5541059094397545,0.013046815042210284,0.3231005372217958
540,540,0.06946564885496183,0.029770992366412213,0.5083969465648854,0.0183206106870229,0.3526717557251908
541,541,0.07866043613707165,0.024143302180685357,0.5467289719626168,0.008566978193146417,0.31542056074766356
542,542,0.05491803278688524,0.042622950819672135,0.5721311475409836,0.004098360655737705,0.3
543,543,0.07484076433121019,0.01592356687898089,0.5485668789808917,0.026273885350318472,0.32722929936305734
544,544,0.06043956043956045,0.022762951334379902,0.5274725274725275,0.014128728414442699,0.35243328100470955
545,545,0.05575221238938053,0.03008849557522124,0.5309734513274337,0.023008849557522124,0.3256637168141593
546,546,0.07573415765069552,0.035548686244204014,0.5680061823802164,0.01854714064914992,0.26661514683153015
547,547,0.0755265068990559,0.03776325344952796,0.5954974582425563,0.02541757443718228,0.25272331154684097
548,548,0.052067381316998465,0.02909647779479326,0.6125574272588055,0.03215926493108729,0.26033690658499237
549,549,0.05882352941176471,0.03743315508021391,0.6035141329258976,0.014514896867838044,0.2750190985485103
550,550,0.0596264367816092,0.016522988505747127,0.5876436781609196,0.028017241379310345,0.28520114942528735
551,551,0.02592301649646505,0.019638648860958365,0.6417910447761194,0.014925373134328358,0.2859387274155538
552,552,0.05689789555728761,0.024162120031176928,0.5549493374902572,0.029618082618862045,0.32112236944660955
553,553,0.05075337034099921,0.016653449643140365,0.5440126883425852,0.029341792228390166,0.3481363996827914
554,554,0.0425208807896735,0.022019741837509488,0.5785876993166287,0.02657555049354594,0.3219438116932422
555,555,0.04175665946724263,0.030237580993520516,0.5514758819294456,0.029517638588912886,0.3275737940964723
556,556,0.03912363067292644,0.04460093896713615,0.5320813771517997,0.01408450704225352,0.33098591549295775
557,557,0.052428681572860444,0.027756360832690823,0.535851966075559,0.04086353122590594,0.330763299922899
558,558,0.056074766355140186,0.03271028037383177,0.6051401869158879,0.017133956386292833,0.279595015576324
559,559,0.039755351681957186,0.017584097859327217,0.5091743119266054,0.04587155963302752,0.37538226299694194
560,560,0.060213414634146346,0.03201219512195121,0.5495426829268293,0.037347560975609755,0.2782012195121951
561,561,0.05808823529411764,0.033823529411764704,0.5316176470588235,0.03235294117647059,0.32941176470588235
562,562,0.06124031007751938,0.02558139534883721,0.5449612403100775,0.040310077519379844,0.3201550387596899
563,563,0.044866920152091254,0.04334600760456273,0.4851711026615969,0.022813688212927757,0.3802281368821292
564,564,0.04566929133858268,0.026771653543307086,0.4708661417322835,0.029133858267716535,0.4078740157480315
565,565,0.0815831987075929,0.024232633279483037,0.5508885298869144,0.03796445880452343,0.295638126009693
566,566,0.06549885757806549,0.0357958872810358,0.6123381568926124,0.01599390708301599,0.25361766945925357
567,567,0.06149957877000843,0.037910699241786014,0.5374894692502106,0.02190395956192081,0.32771693344566133
568,568,0.04742765273311897,0.03135048231511254,0.6020900321543409,0.01688102893890675,0.29019292604501606
569,569,0.0724421209858103,0.01941747572815534,0.5548917102315161,0.008961911874533234,0.32710978342046304
570,570,0.05143277002204261,0.04481998530492285,0.5510653930933138,0.03232916972814107,0.2990448199853049
571,571,0.03924646781789639,0.028257456828885405,0.6357927786499216,0.021978021978021976,0.25510204081632654
572,572,0.04548959136468774,0.030840400925212026,0.6114109483423285,0.017733230531996918,0.27756360832690824
573,573,0.04639175257731959,0.02430044182621502,0.6023564064801179,0.02871870397643593,0.28276877761413843
574,574,0.04288939051918736,0.047404063205417596,0.6553799849510911,0.018058690744920995,0.22874341610233256
575,575,0.06601123595505619,0.016853932584269662,0.6551966292134832,0.02598314606741573,0.2169943820224719
576,576,0.06632277081798084,0.032424465733235076,0.5711127487103905,0.02800294767870302,0.290346352247605
577,577,0.03712121212121212,0.03106060606060606,0.6401515151515151,0.031818181818181815,0.23030303030303031
578,578,0.06351550960118169,0.017725258493353026,0.6225997045790251,0.01772525849335303,0.25332348596750365
579,579,0.04984894259818731,0.033987915407854986,0.6027190332326284,0.03776435045317221,0.25
580,580,0.06957186544342508,0.03363914373088685,0.503822629969419,0.0290519877675841,0.33715596330275227
581,581,0.06661045531197302,0.06155143338954469,0.5657672849915683,0.017706576728499155,0.2622259696458685
582,582,0.06575963718820861,0.027210884353741496,0.5298563869992442,0.012849584278155708,0.34467120181405897
583,583,0.048286604361370715,0.037383177570093455,0.5218068535825545,0.02102803738317757,0.34345794392523366
584,584,0.05376344086021506,0.041474654377880185,0.5791090629800307,0.018433179723502304,0.2780337941628264
585,585,0.07728337236533958,0.02029664324746292,0.6073380171740828,0.01249024199843872,0.2654176424668228
586,586,0.049707602339181284,0.02046783625730994,0.5307017543859649,0.006578947368421052,0.36915204678362573
587,587,0.05077574047954866,0.011283497884344146,0.5387870239774329,0.02609308885754584,0.35966149506346967
588,588,0.03519510328997705,0.01530221882172915,0.5730680948737567,0.015302218821729151,0.35042081101759753
589,589,0.060816012317167045,0.03310238645111624,0.5804464973056197,0.03156274056966898,0.2748267898383372
590,590,0.05793650793650794,0.01984126984126984,0.5484126984126985,0.025396825396825397,0.32936507936507936
591,591,0.04779411764705882,0.029411764705882353,0.5705882352941176,0.025,0.2875
592,592,0.05168539325842697,0.056179775280898875,0.5393258426966292,0.016479400749063674,0.3146067415730337
593,593,0.04406273338312173,0.05003734129947722,0.5407020164301717,0.03211351755041075,0.31590739357729647
594,594,0.042741935483870966,0.011290322580645162,0.5491935483870968,0.03225806451612903,0.3387096774193548
595,595,0.04612978889757623,0.039093041438623924,0.6239249413604379,0.021892103205629402,0.2392494136043784
596,596,0.038971161340607956,0.018706157443491817,0.5494933749025721,0.020265003897116135,0.36710833982852686
597,597,0.08221225710014948,0.026158445440956652,0.5493273542600897,0.03811659192825112,0.2825112107623318
598,598,0.033127889060092446,0.04622496147919877,0.5932203389830508,0.01848998459167951,0.285824345146379
599,599,0.07386814932486101,0.06354249404289118,0.48212867355043687,0.046068308181096106,0.3105639396346307
600,600,0.05551086082059534,0.012872083668543845,0.588093322606597,0.028962188254223652,0.2839903459372486
601,601,0.07190511489992588,0.018532246108228317,0.6115641215715344,0.03187546330615271,0.24314306893995552
602,602,0.04619970193740686,0.029806259314456036,0.6341281669150521,0.02980625931445604,0.2436661698956781
603,603,0.08692307692307692,0.010769230769230769,0.5330769230769231,0.01769230769230769,0.33153846153846156
604,604,0.07069913589945011,0.031421838177533384,0.5302435192458759,0.04399057344854674,0.31343283582089554
605,605,0.05416329830234438,0.056588520614389654,0.5472918350848828,0.03233629749393695,0.2950687146321746
606,606,0.06140350877192982,0.012426900584795321,0.5175438596491228,0.008771929824561403,0.3706140350877193
607,607,0.04412923561859732,0.028368794326241134,0.5760441292356187,0.02206461780929866,0.309692671394799
608,608,0.058689024390243906,0.03201219512195122,0.576219512195122,0.038871951219512195,0.2804878048780488
609,609,0.058498023715415015,0.02766798418972332,0.5541501976284585,0.02450592885375494,0.324901185770751
610,610,0.061919504643962855,0.03328173374613003,0.6037151702786377,0.023219814241486066,0.25386996904024767
611,611,0.05699481865284974,0.03774981495188749,0.533678756476684,0.029607698001480387,0.3242042931162102
612,612,0.06703039750584568,0.041309431021044424,0.5939204988308652,0.018706157443491817,0.2587685113016368
613,613,0.05169753086419753,0.023148148148148147,0.6172839506172839,0.015432098765432098,0.27546296296296297
614,614,0.05891472868217054,0.031007751937984496,0.6031007751937985,0.006201550387596899,0.28604651162790695
615,615,0.09098360655737706,0.03442622950819672,0.469672131147541,0.038524590163934426,0.3508196721311475
616,616,0.08045977011494254,0.0,0.4329501915708812,0.034482758620689655,0.4022988505747126
617,617,0.07972136222910217,0.043343653250773995,0.5456656346749226,0.02863777089783282,0.2894736842105263
618,618,0.05731990704879938,0.042602633617350893,0.5096824167312161,0.024786986831913244,0.35321456235476373
619,619,0.09562398703403566,0.02674230145867099,0.5251215559157212,0.01701782820097245,0.3071312803889789
620,620,0.06603081438004402,0.012472487160674983,0.5069699192956714,0.03815113719735877,0.36243580337490827
621,621,0.12264150943396226,0.022298456260720412,0.5360205831903945,0.022298456260720412,0.27958833619210977
622,622,0.059334298118668596,0.042691751085383506,0.49855282199710566,0.02821997105643994,0.33429811866859627
623,623,0.04467084639498432,0.032915360501567396,0.5932601880877744,0.03605015673981191,0.26724137931034486
624,624,0.05560165975103734,0.01825726141078838,0.5253112033195021,0.03319502074688797,0.34439834024896265
625,625,0.08018154311649017,0.018910741301059002,0.5521936459909228,0.009077155824508323,0.3305597579425113
626,626,0.08754716981132077,0.03547169811320755,0.5003773584905661,0.02339622641509434,0.33132075471698114
627,627,0.0702179176755448,0.028248587570621472,0.42292171105730425,0.03712671509281679,0.42050040355125107
628,628,0.052873563218390804,0.02681992337164751,0.49425287356321845,0.013026819923371647,0.39157088122605366
629,629,0.06280587275693311,0.029363784665579123,0.45840130505709625,0.02202283849918434,0.4094616639477977
630,630,0.07996560619088564,0.02493551160791058,0.4918314703353397,0.015477214101461738,0.36973344797936375
631,631,0.07007419620774938,0.01731244847485573,0.48804616652926636,0.05193734542456719,0.3627370156636438
632,632,0.048249027237354095,0.021011673151750974,0.5299610894941634,0.028015564202334628,0.34241245136186776
633,633,0.042638777152051485,0.02574416733708769,0.6242960579243765,0.012067578439259853,0.2759452936444087
634,634,0.06318883174136665,0.027920646583394562,0.45701689933872147,0.018368846436443792,0.41734019103600295
635,635,0.08584337349397589,0.01656626506024096,0.5150602409638554,0.03313253012048193,0.3260542168674699
636,636,0.04455051710421639,0.01909307875894988,0.4574383452665076,0.027048528241845664,0.4287987271280827
637,637,0.04704097116843702,0.026555386949924133,0.5068285280728376,0.048558421851289835,0.35963581183611537
638,638,0.06676899462778203,0.035303146584804296,0.5264773599386032,0.0498848810437452,0.30237912509593246
639,639,0.06203288490284006,0.016442451420029897,0.5358744394618834,0.02765321375186846,0.3355754857997011
640,640,0.0699685534591195,0.02830188679245283,0.4992138364779875,0.008647798742138365,0.38364779874213834
641,641,0.054628224582701064,0.02883156297420334,0.48330804248861914,0.01896813353566009,0.3884673748103187
642,642,0.06077348066298342,0.01973164956590371,0.5193370165745856,0.03630623520126283,0.33228097868981843
643,643,0.06518404907975461,0.03450920245398773,0.5130368098159509,0.032975460122699383,0.3389570552147239
644,644,0.05900383141762452,0.02911877394636015,0.5578544061302682,0.019923371647509576,0.31187739463601527
645,645,0.05754276827371695,0.014774494556765164,0.5031104199066874,0.028771384136858476,0.3724727838258165
646,646,0.1044663133989402,0.029523088569265707,0.3618470855412566,0.033308099924299776,0.4564723694171082
647,647,0.07972665148063782,0.02353834472285497,0.5793470007593015,0.02201974183750949,0.2839787395596052
648,648,0.057099924868519905,0.02329075882794891,0.5702479338842975,0.03681442524417731,0.256198347107438
649,649,0.0521669341894061,0.026484751203852325,0.6227929373996789,0.026484751203852325,0.26484751203852325
650,650,0.08301306687163719,0.01767870868562644,0.5595695618754803,0.022290545734050732,0.2990007686395081
651,651,0.06303501945525292,0.024124513618677044,0.5392996108949416,0.0357976653696498,0.32451361867704276
652,652,0.08074011774600505,0.01345668629100084,0.4423885618166526,0.0176619007569386,0.4306139613120269
653,653,0.04018912529550828,0.044917257683215125,0.5508274231678487,0.02206461780929866,0.326241134751773
654,654,0.07220822837951302,0.017632241813602016,0.47858942065491183,0.025188916876574305,0.3727959697732997
655,655,0.042105263157894736,0.024291497975708502,0.5441295546558704,0.017813765182186234,0.3538461538461538
656,656,0.08965517241379309,0.041379310344827586,0.4475095785440613,0.006896551724137932,0.3969348659003831
657,657,0.128,0.022000000000000002,0.5599999999999999,0.07,0.21400000000000002
658,658,0.07658959537572255,0.01950867052023121,0.5700867052023122,0.036849710982658955,0.2789017341040463
659,659,0.04024767801857585,0.006965944272445821,0.53328173374613,0.04024767801857585,0.37616099071207426
660,660,0.06973180076628352,0.02835249042145594,0.5379310344827586,0.01839080459770115,0.3272030651340996
661,661,0.10258548790658883,0.014178482068390324,0.48123436196830693,0.05838198498748958,0.3127606338615513
662,662,0.08134328358208953,0.01791044776119403,0.4597014925373134,0.029104477611940297,0.3902985074626866
663,663,0.05255023183925812,0.013137557959814528,0.44822256568778984,0.013137557959814528,0.45826893353941267
664,664,0.037121212121212124,0.007575757575757576,0.5015151515151516,0.01590909090909091,0.41515151515151516
665,665,0.05998421468034728,0.037095501183898975,0.48855564325177586,0.03551696921862668,0.3662194159431728
666,666,0.07020408163265307,0.02530612244897959,0.4685714285714285,0.013877551020408163,0.4016326530612245
667,667,0.04720406681190995,0.04212055192447349,0.5570079883805374,0.021060275962236745,0.31663035584604216
668,668,0.08405797101449275,0.02826086956521739,0.38623188405797104,0.02681159420289855,0.458695652173913
669,669,0.07924528301886792,0.009056603773584906,0.5169811320754717,0.022641509433962263,0.36000000000000004
670,670,0.053840063341250986,0.02850356294536817,0.4948535233570863,0.015835312747426764,0.3745051464766429
672,672,0.05555555555555556,0.016594516594516592,0.5216450216450216,0.033189033189033185,0.35930735930735924
673,673,0.07657657657657657,0.019519519519519517,0.5472972972972974,0.03078078078078078,0.3108108108108108
674,674,0.04579025110782865,0.011816838995568688,0.5147710487444609,0.031019202363367797,0.37518463810930575
675,675,0.07154340836012862,0.03778135048231511,0.46945337620578775,0.03054662379421222,0.37540192926045013
676,676,0.0858433734939759,0.021837349397590362,0.45783132530120485,0.023343373493975906,0.3990963855421687
677,677,0.051111111111111114,0.0362962962962963,0.4888888888888889,0.03111111111111111,0.3792592592592593
678,678,0.04949729311678267,0.04408352668213457,0.4825986078886311,0.02088167053364269,0.3797370456303171
679,679,0.053691275167785234,0.02535421327367636,0.4407158836689038,0.029828486204325134,0.4258016405667413
680,680,0.054380664652567974,0.011329305135951663,0.45241691842900306,0.0037764350453172203,0.466012084592145
681,681,0.059322033898305086,0.025423728813559324,0.48767334360554704,0.02850539291217257,0.3759630200308166
682,682,0.07137707281903388,0.012256669069935111,0.471521268925739,0.0136986301369863,0.40663302090843545
683,683,0.06407322654462243,0.024408848207475208,0.509534706331045,0.02364607170099161,0.36231884057971014
684,684,0.031857031857031856,0.011655011655011654,0.5337995337995338,0.044289044289044295,0.36130536130536134
685,685,0.04688763136620857,0.03233629749393695,0.38156831042845596,0.004850444624090542,0.5206143896523847
686,686,0.06155015197568389,0.023556231003039513,0.5083586626139818,0.025835866261398176,0.36170212765957444
687,687,0.08669201520912546,0.03954372623574145,0.5171102661596958,0.022813688212927757,0.30722433460076043
688,688,0.05185758513931889,0.018575851393188854,0.5255417956656346,0.029411764705882353,0.358359133126935
689,689,0.06119402985074626,0.016417910447761194,0.5111940298507462,0.029850746268656716,0.3567164179104478
690,690,0.08359375000000001,0.0421875,0.39296875000000003,0.025,0.4359375
691,691,0.050997782705099776,0.016260162601626018,0.5661492978566149,0.008869179600886918,0.34811529933481156
692,692,0.08224442736356649,0.04073789392774789,0.48347425057647964,0.02690238278247502,0.33973866256725593
693,693,0.07580398162327719,0.0222052067381317,0.5176110260336907,0.03215926493108729,0.3460949464012251
694,694,0.06574074074074075,0.032407407407407406,0.462037037037037,0.01574074074074074,0.39629629629629626
695,695,0.07333333333333333,0.03333333333333333,0.6059259259259259,0.02074074074074074,0.25037037037037035
696,696,0.061354581673306784,0.02868525896414343,0.6207171314741036,0.026294820717131476,0.24860557768924302
697,697,0.07844630616907845,0.032749428789032746,0.45163747143945165,0.025894897182025894,0.39832444782939835
698,698,0.07886435331230285,0.01419558359621451,0.5481072555205048,0.032334384858044164,0.2807570977917981
699,699,0.08377760853008376,0.0,0.5993907083015995,0.015993907083015995,0.2901751713632902
700,700,0.05707762557077625,0.03424657534246575,0.6864535768645357,0.015220700152207,0.1993911719939117
701,701,0.0688622754491018,0.023952095808383235,0.6220059880239521,0.020209580838323353,0.2477544910179641
702,702,0.08550488599348535,0.02687296416938111,0.4503257328990228,0.03990228013029316,0.3802931596091206
